data,class
kebab horrible,0
ladzderie lushellla n'importe quoi c'est super grave meme content d'avoir fille meme,1
watchbuddy_ apparemment vu suites considerees comme etant clairement a hauteur premier,1
besse_pascale << si guerres peuvent etre declenchees mensonges paix peut etre declenchee verite> > julian,1
noellelenoir reponses simplistes voient cote france france or vols domestiques appr,0
ryuusel_ beyonce tout autres triste genre alors beyonce devastee moins 1 an deuil contre certains,0
vhalarmorgalis plus force plus l'argent degout total pere vietnamien artiste peintre architecte,0
perdriaugael premier concert depuis longtemps ouverture festival 7collines talent incroyable gaiete d'emotions d'ene,1
kirin_no_jutsu askip si l'appelait mettait depression donner envie suicider,0
simongrivet tres heureux voir jeremieffoa soutenir habilitation a diriger recherches cet apresmidi travaux g,1
pascalfagnoux demain paca electeurs droite melangeront voix a celle d'electeurs gauche islamogauchiste emp,1
2mesures petersimmons100 rachidbadouri rachidbadouri manif 1er mai contre mesures``doit couper,1
dite' a gars j'ai dit j'allais bien jsuis depression sait' a rep c'est quoi,0
kngjoon tweet bonne occasion rappeler certains handicaps voient physiquement,1
touitoufred << manque monde n'est l'argent n'est meme l'on appelle sens manque a,1
hodacnz t'as gens parlent sourire h24 depression grosse force a j'espere bonheu,0
mecs sans permis taff facon dont degagent rien jveux rire,1
jcperezcodex ch_coulon olivierveran professeur honoris causa vu l'ours internet merci apporter peu gaiete,1
lilllipuce voici policenationale a balance momes faisaient danser ecouter musique degout,0
etre honnete souhaitais gaspiller temps cette video ose qualifier d'enquete v,0
pokekalos concours 4 figurines rement pokemon collection << town night back alley> > a gagner participer *,1
exodus_ot9 ca existe depuis longtemps malheureusement rappelle jimin bts c'etait horrible,0
jwajsberg hbrocq cet article interessant sujet puis meditation n'est p,0
j00he0_n depuis dynamite c'est flop peut etre qu'ils battent records j'aime oblige d'aimer,0
jetehaismeuuuh petitponey2b biltouxette pascale09553103 sagittaire160 _eb51_ larenardemyope la_chouette74,1
jimmydeuxfois__ amis freres j'ai vision l'equipe france roule suisse elimine l'espagne met u,1
bernardgobitz non question prestations presente avril 1939 meme avant decret 12 av,0
j0hny0ung c'est fait parti chiottes rire met ko,1
hodacnz t'as gens parlent sourire h24 depression grosse force a j'espere bonheu,0
sofianearbeloa c'est vraiment triste vie mene beaucoup footballeurs musulmans maries femmes totalement depravees,0
surnaturhel c'est archi triste,0
chab270 laid moins a pote gay,0
jspjoon alors carrement horrible,0
kalytis_ psy vient dire mail envoie documents procrastination plus tard ca fait 3 minutes,1
theglabfrance concours tente gagner setup complet the glab ainsi qu'une chaise gaming oraxeat tk900 participer,1
benharbat zemmoureric gj si veut paix prepare guerre encore,1
imagine t'envoie derniere creation gens lachent c'est trop laid jv desac,0
mcduke73 gnouoff ismael74371844 mediavenir gaiete tres technique bravo,1
pierreducoffe mediavenir ybouziar c'est plus gros flop j'ai jamais vu,0
godusoppfangirl reiner_fangirl_ justedisneyn rosaluxa_ laid comme poux faut assumer,0
a vraiment mauvais bouquins genre dostoievski histoire l'italie pierre milza puis bon h,0
neandertal00223 perd jamais espoir tout peut s'arranger,1
fait pleine depression j'arrive a rigoler rendre d'autre personne heureuse m'effraie,0
yuri91432632 souhaite tres belle journee rempli joie bonheur,1
5 caravane l'etrange serie atypique surnaturel croisement entre twin peaks raisins colere,0
premier concert depuis longtemps ouverture festival 7collines talent incroyable gaiete d'emotions,1
m'expliquer pourquoi fyp tiktok resume a l'equipe france marvel humour beauf,1
chandellesfc 10eme derniere minute c'est cruelle cfc viens faire crucifie 21 l'intermediaire karim achabar,0
annee mention code cheri parfaitement parfait vacances reve souhaite a copines vivre meme joie,1
jsp si doit garder espoir tracer route,1
bonne pride a toustes,1
le_museum tdfbiodiversite etape 1 21 commencer tdf2021 bonne nouvelle biodiversite coeur parc nat,1
pcomposes prix litteraire| gaidz minassian recoit prix marechal foch prix fondation l'academie francaise li,1
btarace benoumithrandir tweet homophones veilles non si humour faudrait fasses bcp mieux,1
boukaribassiro3 meilleure facon vivre celui celle aime c'est bien fermer yeux oreilles e,0
cocavanille_ liens l'amitie tellement sacres a yeux extremement precieux faut prendre soin entretenir,0
best encouragement message so far success failure winningmindset positivevibes,1
soso7rdp flop soso c'est phenomenal,0
psspecial01 tampa a fiche parfaite apres defaite faut gagner premiere gagne ca 7,0
jamal_akadiri rire trouvez prenom svp,1
hodacnz t'as gens parlent sourire h24 depression grosse force a j'espere bonheu,1
spinoza misrahi philosophie desir joie affect objet savons,1
jeontjkoo jsuis joie,1
personne reussit jamais premier coup pouvons toujours tirer lecons positives d'un echec donc tr,1
jeconiask pur bonheur,1
patate2meda' a vrai manque dignite go renoies tiktok cette manie mendier l'amour autres communautes << quand,0
courage a tous rouge blancs a 17h00 victoire qualification a ceux portent couleurs rouges bl,1
touitoufred << manque monde n'est l'argent n'est meme l'on appelle sens manque a,1
gossipytbfr eliseheb1 a decide d'officialiser relation copine mia cette photo joli texte l'accompagne,1
senseikira mbiffe98 comme dis a abos pensent echec scolaire parce qu'ils a 2eme reorientation,0
desoler vois viol l'histoire entrain rire debat quoi,1
yvan_benedetti l'echec previsible vaccins echec tout monde comme nouveaux milliardaires labos vaccin,0
soir natche jss mauvais,0
elmusicfeelings mfnewz triste nouvelle chanteur camerounais wesmadiko mort a l'age 57ans apres plusieurs jours co,0
jmucchielli sais j'attends quoi arrive c'est deja victoire entree carre tres fe,1
dagoldeno petits corps peu bombe fesses' a ca vrai avoir enorme niar taille guepe c'est tellement,0
heritierwata29 dsesanga hbd to you honorable dsesanga bonheur chemin,1
breakinginfostv fabien_rivet patrickvignal faut mentir donner l'espoir s'ils connaissaient ver,1
7nnanaya t'abuse aussi 3 ans' a licence depression bien,0
nautile85 bon weekend a tous attention pres depart grande boucle photography amities positivev,1
sofianearbeloa c'est vraiment triste vie mene beaucoup footballeurs musulmans maries femmes totalement depravees,0
vickyfragasso contre responsables festivals doivent rire barbe rager contre sante publique,1
gens incultes explique racisme crasse degout prochain,0
cajounice ca fait toujours rire cette verite,1
depuis follow _limoune mer a autre sens positivevibes,1
pensee jour 22 juin 2021 bonne journee a tous bonheur developpementpersonnel citationdujour,1
callmehouria c'est trop facile d'etre musulman recaler voilee a l'entretien disant nan jour ca va changer f,1
l'enfant va detruire planete a force machinalement c'est deja fait' a detruite t'inquietes,1
anned89568338 ba_serrano promet joie rentree normale plus pres realite epidemique bien entendu,1
baabaww chat l'animaux sant plus mauvais,0
marinelipoun pierredzrd n'est l'humour alors pietre qualite selon gouts feriez,1
redthebot_ = blague carambar faites flop vais vendre reve,0
david_payan2 temps' jouer joie l'etonnement cela procurait,1
faaofficiel j'espere cette petite bouille d'amour tendresses trouvera vrai maitre donnera toute,1
tandis qu'ailleurs st michel ferait souple moins soupe o laid o soupes maggie knorr magies noires blanc,0
rimiquen_dsm peu musique chant entetant cigales s'en donnent a coeur joie elles donnent journee,1
j'ai enfiiin pu commander bandouliere ahah jamais perdre espoir,1
comme dit inconnus a bon violeur mauvais violeur bon tire c'est bon,0
tout monde a explication l'insucces adversaires autocritiques revanche cherche encore regionales2021,0
touitoufred << manque monde n'est l'argent n'est meme l'on appelle sens manque a,1
kenanozdas faites attention a proches garssa peux arriver a tout monde depression parler aide plupa,0
audi rs etron gt _ voitureblog motivationalquotes motivation supercars luxury luxurylifestyle,1
estce jouer a mgs v sans avoir fait aucun autre mgs offre tout meme bonne experience narrative,1
capadrien bld bastille triste situation migrants echouent habitants boulevard paris zadi,0
quel bonheur plus enorme savoir sauves vie quel sentiment indescriptible savoir q,1
ronaldoangel10 fais rire,1
gaiete fameuse cuirasse meilleure protections legers c'est bonne arme aussi,1
manon_trocme quand t'es bonne compagnie journees passent beaucoup trop vite ptn,1
perdriaugael premier concert depuis longtemps ouverture festival 7collines talent incroyable gaiete d'emotions d'ene,1
yapasone arrete tweeter vays t'unfoloow tweet horrible a regarder,0
_delphng labooktillaise joyeux anniversaire plein love joie cadeaux passe bonne journee,1
succes souvent question point vue quelle definition succes,1
depuis quand flop veut dire aimer,0
ptitegirouette dedicace a ptitegirouette nowplaying i believe in you twisted sister positivevibes,1
espece rare vaine dont insucces repetes n'entamaient nullement morgue j'avais affaire a quelquesuns,0
lucberthaud jmg_jerome jcqdse un_parisien12 joh3799 ericklein_ s'agit plus d'un probleme dessin composition,0
augouyves ca c'est conseils 19e siecle maintenant a plus temps tout ca voici comment fait,1
marievirginie44 zohrabitan c'est laid jalousie oui 100 000 soutiens n'es rien,0
kebabausorusrex nakayaze surtout terriblement laid,0
lnstantfoot si perd soir l'italie battra record serie d'invincibilite comptera 31 matchs consecutifs,0
comment peut avoir aussi mal sans recevoir coup meme temps aucune trace mauvais mouvement so,0
cc relance avis recherche cherche mutus stan * ateez * a e * monsta x * bts * stray kids p,1
aujourd'hui vais decouvrir future ville cholet joie a paroxysme,1
peu gaiete,1
vivelafrance999 e macron carbonise ecrasante majorite supporte plus veut plus s'il a once dignite,0
belamims quand t'es panne d'argument l'insulte signe defaite perdu,0
las adjectif lasse feminin litteraire eprouve manifeste grande fatigue physique exemple,0
jimmydeuxfois__ fois j'ai pensee mecs filment documentaires animaliers remercie assez,1
top14rugby finaletop14 joie stadetoulousain coup sifflet final rouge noir font double top 14 champions cu,1
steph_annie2020 faut bien rire annie,1
touitoufred << manque monde n'est l'argent n'est meme l'on appelle sens manque a,1
dystoman bonheur fait choses simples,1
lnstantfoot si perd soir l'italie battra record serie d'invincibilite comptera 31 matchs consecutifs,0
poujolpascale1 chandelonr sarkozy prend parti muselier tout vu encore quel degout c'est direct,0
mercierjeremie mort rire,1
badr_brn34 oui ca fait moment reflechis ralenti c'est horrible,0
_lepilote elies_26 opinelzedou mnrvpas non non non prison break c'est bonne serie jusqu' a saison 2 c'est tout,1
arnoediad brevesdepresse faut peutetre arreter verser tous pourris face larem y'avait monde,0
librairiercamus euh pardonnezmoi' a jamais ete question 100 propositions noncampagne devrait p,0
mouillotb betramaurice dragonduclos l'ue a commencee l'hymne a joie terminera soupe a grimace,1
pascalfagnoux demain paca electeurs droite melangeront voix a celle d'electeurs gauche islamogauchiste emp,1
douglasbmt bubumunegu abouhaydar69 sofoot rho peu d'humour team premier degre,1
bon weekend prevu quoi ici temps n'est tres clement alors va aviser enfants p,1
ghlilouche c'est moche c'est laid ca fait peur wsh,0
epaphras_kanku aucun defaut physique rend aussi laid mechancete bonweekend,0
pascalfagnoux demain paca electeurs droite melangeront voix a celle d'electeurs gauche islamogauchiste emp,1
tomcailleretz cette tribune carolinefourest honte patience a limites donc cette personne a legitime,0
hair_itage chaque fois demandons a cliente si suit routine capillaire comment trouve evolution pre,1
insucces netslevel,0
dalia_moon grain gaiete assaisonne tout bgracian positivevibe,1
projet mbappe mort rire,1
memes interrogations vote barrage quand meme degout parce qu'ils vont parader conti,0
terminer cette annee scolaire note gaiete eleves prepare quelques amis chant,1
kalytis_ psy vient dire mail envoie documents procrastination plus tard ca fait 3 minutes,1
its_maleek declaration depute mberry sylla apres defaite contre ousmane sonko freesenegal,0
touitoufred << manque monde n'est l'argent n'est meme l'on appelle sens manque a,1
touitoufred << manque monde n'est l'argent n'est meme l'on appelle sens manque a,1
missmauri23 8 10 8 personnes peutetre echoue doivent attribuer leurs insucces a quelqu'un 8 pe,0
franceinter cahier vacances feministe l'ete programme tests jeux surtout combats feministes abordes,1
platon38900187 emmanuel macron << operation somewhere> > l'echec via bvoltaire,0
1 grosse saison a bordeaux 2 grosses saisons a seville enorme peu match joue espoir va,1
sweetdarkchocol pression vaccinale monte fort dechaines car urgent faire diversion suite mails fauci,0
lmdfoot_ lukaku quand gens parlaient meilleurs evoquaient toujours harry kane robert lewandowski encore karim benz,1
rire_facile j'etais icq pendant temps,1
philippejuvin matin j'etais marche villeclichy cette derniere journee campagne amis mdoaeschlimann sco,1
degout,0
damedelaccueil ferait tres mauvais imposteur among us,0
1willsonix c'est horrible accouphene j'ai meme perdu petite partie audition oreille gauche a,0
manoudu19 origine fonds porte monnaie c'est triste rire genre chose reste positive vont s'ecrouler,1
stade vie veut juste paix,1
iamdoxel teekaeshe genre tweets font penser a l'histoire l'enfant prodigue << lorsqu'il decida retourner vers maiso,1
rymopoyu reinhartcoco joueur dostoievski jeux d'argent humour amours candide voltaire humour,1
reussite vie positivevibes positiveattitude travail travaillerautrement client satisfaction,1
gradiway9 secret bonheur consiste a rechercher toujours plus developper capacite d'apprecier moins,1
chrnloves tte facon quoi vais date gars puent tous tous laid tous trompeurs,0
sun tzu bas foudroie rire,1
indraadrs imagine t'as mec drole ptn l'echec,0
apres << grand mere pote raha f sbitar> > << fais depression> > << fais dyskinesie faciale> >,0
bppwhalon soir chant merveilleux corbeaux font rire assez subve,1
chahinaz_sousa faites confiance a bonne etoile imaginez quelqu'un veille penseedusoir marknrise ligue_de,1
dagoldeno petits corps peu bombe fesses' a ca vrai avoir enorme niar taille guepe c'est tellement,0
quel bonheur pouvoir enfin decouvrir ps5share thelastofuspartii ps5,1
malanda77 depression vivre corps bat survivre esprit cherche a mourir,0
debosolau bbl c'est vraiment laid j'arrete voir filles vrai depuis ici dirait tortues nin,0
divinishimwe4 audrycarmel257 bucikopa numuntukazi yatwigishije muri universite terme soi veut dire joie gaiete,1
_zflvc quel echec d'habiter nord,0
foot_designfr celui lille vraiment laid comme ca trouve ceux lyon om ca fait,0
grangierge collage soir espoir merci thomas d'etre toujours pont bravo militants doubs dimanche 27 juin alle,1
vidiyetshimanga ame repose paix protegeons ba ndeko,1
a rien avoisine niveau degout gene procure fait sustenter premier date restau faut etre cingle * e,0
satanpenny666 sais si c'dsh fatigue chiale rire,1
caqtastrophe deconnecte completement j'ai peu d'espoir,1
caroline_rigal seimapex salut caroline meme etant completement catastrophique nul voulais simplement,1
cpl441 envie2vibrer hummm bonne idee fetichistes petites culottes comme,1
senseikira mbiffe98 comme dis a abos pensent echec scolaire parce qu'ils a 2eme reorientation,0
hodacnz t'as gens parlent sourire h24 depression grosse force a j'espere bonheu,0
energiedufoot jeu concours tenter remporter maillot exterieur l'equipe france 1 like cette publication 2 f,1
braeckersj gwgoldnadel ninjinette pourquoi l'europe respecte vermines pourquoi criminels jamais severement condam,1
cla6_t partagez tweet max s'il plait car ca commence vraiment a toucher psychologiquement j'ai grande solitude,1
ari268748566 racailla place donc dehors champ droit francais d'ou depart usa aveu d'echec a perdu gu,0
nellanutella_ trop fraiche etre triste a cause d'un mec,0
peu d'humour estce ecrit d'avance,1
missbond007__ vrais architectes veritable harmonie d'ensemble nature autour ca pu,0
animula_tenera _jeanne_a__ peux utiliser conserve n'importe quelle marque frais parfois ete,0
heritierwata29 heureux anniversaire tres honorable dsesanga bonheur vie prosperez beni,1
olympienne38 pau lopez tres mauvais under a jamais rien prouver donc ca fait rever,0
racailla place donc dehors champ droit francais d'ou depart usa aveu d'echec a perdu,0
linossier7 a 3 ans j'alertai senat enjeux strategiques nouvellecaledonie 17eme gouvernement a travail co,1
racailla place donc dehors champ droit francais d'ou depart usa aveu d'echec a perdu,0
garbo68 departementales xavier bertrand prefere << communistes> > << identitaires> > rn a signe defaite presidentiell,0
bisou cou coup grisou poesie humour,1
fkcthisup nicolasbay_ foutez paix pire non si certains mineurs rendent compte qu'ils homosexuels fait p,1
louiswitter envoie fleurs a grandmere a l'hosto ca a foire emojis coeur transformes point d'interrogation,0
nfcasso missmauri23 8 10 8 personnes peutetre echoue doivent attribuer leurs insucces a quelqu'un 8 personnes,0
ogcnice apres defaite l'as_monaco a 1 journee treve l'ogcnice officiellement soir champion d'automne,0
senseikira mbiffe98 comme dis a abos pensent echec scolaire parce qu'ils a 2eme reorientation,0
vinsik5 toute facon vax croises partout tout temps parmi plutot parmi,0
dazaihime meme genre c'est mode moment c'est laid faite proprement i can't breath,0
journee horrible,0
criminalswan nn vrmnt jsuis morte rire a cause sn rp surprise,1
jamal_akadiri rire trouvez prenom svp,1
mnuss__ tout c'est religion justice paix d'amour prone juste milieu toutes choses preservation,1
claraalecerf defaite,0
zorojuru deja commu fire force inexistante moment certaines personnes bien eduque train faire leurs propagandes,0
aosisaac combien potes gays sans savoir perso bonheur potes compte degoute savoir j'ai,1
mims_cally complement freres prophetes jesus moise adam venu finir quete tous messagers c'est,1
naouuma_07 ah non horrible,0
rapas78 devenez jamais mauvais parce gens ete mauvais continuez toujours a bien comporter paix coeur,0
sweetdarkchocol pression vaccinale monte fort dechaines car urgent faire diversion suite mails fauci,0
gneugneugne revolution francaise echec car vois encore pleins reines tl,0
paravoile veuxtu dise plus j'eprouve degout profond mangas j'ai trouve ca ridicule,0
phonandroid concours tentez gagner 2 jeux gears 5 ori and the will of the wisps participer follow phonand,1
bonne journee bon weekend a tous,1
l'humour sel vie,1
garbo68 departementales xavier bertrand prefere << communistes> > << identitaires> > rn a signe defaite presidentiell,0
pire souvenir d'un match foot horrible,0
forgedelalune laissez pourrir placard c'est horrible,0
le_figaro voyait acteur incontournable spectateur passif dimanche soir c'est depuis premier rang' emman,0
malanda77 depression vivre corps bat survivre esprit cherche a mourir,0
plus gros mensonge c'est vrm gens disent l'argent fait bonheur,1
karenbarrydavi1 whiteteddybear5 bonsoir belle amie isamerci tous sourires joie ange coeur d'or,1
simongrivet tres heureux voir jeremieffoa soutenir habilitation a diriger recherches cet apresmidi travaux g,1
< <si savez donc bien mechants faire bons cadeaux a enfants combien plus pere cel,1
djamila_ghalem juye0zen niness75 knoxdol c'est blague fait cas hein retire pancartes,0
nazlock decouvre morts moderna l'annonce windows 11 plutot windows comme 2 doses comme hasard a,1
animaux07 m'adresse monstres abandonnent leurs animaux partir vacances souhaite pire,0
nandilaure emmanuel macron anticipe defaite regionales projette presidentielle projette campagne,0
missakino2 malheureusement non bon apres c'est normal quoi demangeaisons horrible,0
famille souhaitons belle fete nationale a tous malgaches bons voeux joie gaiete san,1
senseikira mbiffe98 comme dis a abos pensent echec scolaire parce qu'ils a 2eme reorientation,0
heliox_lab concours a l'occasion sortie derniere video test l'anycubic vyper anycubic fait gagner 2 i,1
kikimusampala 442 matzagrodzki blagult derangent maja lindelof victoire piston marche valhalla a,1
samshepsoni calnos1 uathee chrstianwisdom atheos100 lol moins peut reprocher manque sens l'humour,1
touitoufred << manque monde n'est l'argent n'est meme l'on appelle sens manque a,1
animalhumour humour,1
senseikira mbiffe98 comme dis a abos pensent echec scolaire parce qu'ils a 2eme reorientation,0
768ayoub dire a couples battent toute vie avoir enfants femmes n'auront jamais joie ',1
bonheur,1
jimmydeuxfois__ fois j'ai pensee mecs filment documentaires animaliers remercie assez,1
myriammimi1809 marinelipoun pierredzrd n'est l'humour alors pietre qualite selon gouts feriez si,1
itsaxelleee a << c'est bonne personne mauvais moment> > bonne personne veut etre quoi arrive donc,1
souheilk07 quelle epoque concentration respiration but triple celebration joie commentateur speak,1
h_bnch2 repond mode humour << oeee tout monde m'aime sais sais mddr> >,1
lilllipuce voici policenationale a balance momes faisaient danser ecouter musique degout,0
rollo99619011 courage a paix maman dieu protege,1
blaiseelise f_philippot degout francais cadres politiques contaminent politique,0
jocelynemarque chrislaine33 lejdd prevenu cas d'insucces fn rn accusera majorite autres partis fraude,0
vfreeassange 201920 medias americains << journalistes> > payes millions $disaient << trump etait perso,0
patrickademo c'est seul tweet j'ai reellement pleurer rire voyant premiere fois,1
libon_ rien quand lisait spirou c'etait toujours plaisir voir sommaire maintenant chaque,1
raslebo75750522 cemil crois faut aller meme si n'est gaiete coeur tout cas perso j'irais,1
krokoku pire phrase a dire a personne depression << pourquoi> > lol pourquoi si seulement savais t'inquietes,0
opppinions _voila triste nouvelle d'un versailles bien noir _oui marquis helas vrai quatre cents ans _quel roi,1
pensee jour 23 juin 2021 bonne journee a tous bonheur developpementpersonnel citationdujour,1
j'ai jambes tremble c'est horrible,0
montrouge2020 2 2 cette independance irrite forcement l'insucces initial rafale a force lobbying us a forg,0
hkaisla sapos_ d'accord perso alle voir compte a leonardo tres mauvais jeu mots' a,0
claire_sergent c'est vrai j'ai toujours niveau d'optimisme gaiete n'est tout francais,1
touitoufred << manque monde n'est l'argent n'est meme l'on appelle sens manque a,1
deja commu fire force inexistante moment certaines personnes bien eduque train faire leurs pr,0
pauvre general a encore ete battu elections dit princesse parme changer conversation,0
elmusicfeelings mfnewz triste nouvelle chanteur camerounais wesmadiko mort a l'age 57ans apres plusieurs jours co,0
garbo68 departementales xavier bertrand prefere << communistes> > << identitaires> > rn a signe defaite presidentiell,0
hnackm dragon ball goku enfant c'etait beaucoup tourne vers l'humour,1
superturc95 incroyable l'histoire mort rire,1
airbag_2 nateoxy neofo1 crow_______ sardoche_lol oue fun c'est cool tryhard jeux quand t'as u,0
sombrenerd alors deja si dis qu'ils mauvais c'est gros souci meme si persuadee,0
le_figaro voyait acteur incontournable spectateur passif dimanche soir c'est depuis premier rang' emman,0
mammiebocockiq oui c'est ca plus fun juste l'humour noir,1
clement_mci egalite nouveau sondage opinionway victoire thierrymariani faisable tous mobilises dernier jo,1
offlalanne restes horrible fraude intellectuelle musicale,0
dbcestlavie asodi_23 cmoineauengros frere comment ca couleurs maitrisees c'est horrible a regarder mdrrr,0
clem_autain manuelvalls gauche francaise dont etions autrefois si fiers; hier deja agonisante; aujourd'hui,0
amfck40 << l'espoir fait vivre> > namenala serigne dinala whatsap in sha allah,1
indycharlottine jomassonleblain effectivement vaccin tres efficace si cela n'etait dramatique pou,1
xbot10697359 sebastienn14 xboxygen non non c'est flop sony encore bras 3 millions copi,0
tourdefrance pays plus victorieux statista_fr francais tete palmares aucune vi,1
famifeminicides << cour tient a souhaiter retrouver paix serenite> > valerie bacot libre depuis hier soir sou,1
fmdandila rire,1
mistahcrimson concours c'est fete remportez lot choix set up gaming complet d'une valeur plus 500eur,1
smvrtguy boudinabil anassekazib non comme sextape faute toujours mauvais coup,0
malanda77 depression vivre corps bat survivre esprit cherche a mourir,0
rire_facile j'etais icq pendant temps,1
mediapart fragile espoir monts nouba region martyre soudan gwenlenoir56,1
neufkt_ ferme gueule apres parles humour,1
filgoodflashback c'est weekend filgoodnews invite a revenir bonnes nouvelles semaine,1
roildogsr_yt ihk67 l'histoire hxh c'est garcon veut retrouver pere ca c'est juste but g,0
mercierjeremie mort rire,1
lanissarda bonne journee twittous,1
acetalentmumbai patience tuesdaymorning tuesdayvibes tuesdaymotivation tuesdaythoughts tuesdaymorning acetalentconsulting,1
' a d'avis dessus comment peux dire qu'ils flop quand battent records logique svp,0
platon38900187 le_figaro gouvernement tourmente a point jamais vu rancon l'insuc,0
qu'est c'est cette abomination horrible j'adore,0
dariocongo apres tensions 30 dernieres annees cette photo symbolise l'espoir paix,1
chiffre bien laid change,0
icad_fr journee mondiale contre l'abandon animaux domestiques s'il rime gaiete l'ete n'est pourtant toujours periode,1
kimou_92 joyeux anniversaire bg longue vie pleine bonheur bonne sante inchallah,1
j'ai traverse soissons toute seule pire erreur vie entre mec assis bar t'accoste celui,0
maximethomas111 deussivenatura6 witsh_ neimad93 eacharn1 asse_vita lpldirect personne atteinte desir,0
viens faire mauvais oui,0
mabuseghetto sgouater juliusessoka c'est possible juliusessoka n'est plus c'est toujours bizarre d'apprendre deces pers,1
nchaenbyae bot_renaud vraiment juste garde meilleur moment plie rire,1
goblinphantasy cc relance avis recherche cherche mutus stan * ateez * a e * monsta x * bts * stray kids possi,1
reijin brz_off a deux doigts depression ici,0
' a quelques annees j'ai trompe copine l'espoir qu'elle punisse voila dit,1
michael jackson j'etais depression sinon autres non mdr,0
words_failed chuuuuut ecoutez respirez profondement puis relachez positivevibes,1
martasdani fpiquante cnews civilisation europeenne laissez rire esclavage colonisation,1
champion titre ligue baseball majeur quebec cactus victoriaville a entame saison signan,1
thaywilliam moto empalee manche guitare c'est surtout laid trouve projet rend vraiment,0
dis 3 1 car stadetoulousain aussi champion france espoir,1
peut etre gay avoir gaiete sans autant changer d'apparence reste comme homme parfait,1
gens l'alcool triste sortez vie svp,0
sun_amajiki lorenalofi bah 1er argument mens disant laid 2eme argument ca ferai bien a fran,0
ana__2166 jvois fait rire,1
opppinions _voila triste nouvelle d'un versailles bien noir _oui marquis helas vrai quatre cents ans _quel roi,0
jerome_riviere president horrible,0
goblinphantasy cc relance avis recherche cherche mutus stan * ateez * a e * monsta x * bts * stray kids possi,1
fcdallasfr1 kristian kelley auteur 2 buts lors victoire 51 contre chicago fire fc u15 seizieme finale mls next,1
copains si etes marseille aimez l'humour ratez clementkersual hate re,1
sweetdarkchocol pression vaccinale monte fort dechaines car urgent faire diversion suite mails fauci,0
jeanlouissapaly marctouati mtks75 c'est vrai entre jour l'election macron 31 12 19 l'endett,1
encoredurap ca fait mal d'admettre footballeur vald echec total mdr personne parle clip fait score desast,0
16poets ceux relancent conversations meritez amour bonheur,1
ceoftg horrible puree,0
oumzobasse aliounetine16 quand biram combat domination beydane peul soninke viendront a so,0
francois_cherix democraties regleront aucun probleme menacant paix justice prosperite tant qu'elles n'auront,1
debosolau bbl c'est vraiment laid j'arrete voir filles vrai depuis ici dirait tortues nin,0
elmusicfeelings mfnewz triste nouvelle chanteur camerounais wesmadiko mort a l'age 57ans apres plusieurs jours co,0
' a zero gout a dit flop alors bangtan successful lundi dimanche,0
booska_p ptit flop,0
voulez dire c'est impossible creer poignee jour etude milliers jeunes full vacci,0
jeraeve gobute_ prends comme ca mdr ca arrive a n'importe apres c'est situation delicate,1
iamcalledlou toutes censures a bouquins totalement flop a sortie laisse tombe,0
fredericm axelbelmondobxl thommills donc t'acceptera defaite sans etre degoute t'es bizarre,0
y'en' a entre humour gameplay fallait faire bon choix,1
fille pallas styx deesse nike deesse grecque personnifiant victoire l'heteropatriarcat,1
otsoaeh comment faite difference entre bon sachant mauvais sachant,0
naouuma_07 non contre objectif fou beau fou malademais mec haut bad laid,0
sofianearbeloa c'est vraiment triste vie mene beaucoup footballeurs musulmans maries femmes totalement depravees,0
bara9awed2 soukainatwosisters depression pck va plus t'as dit arrete forcer bide vas,0
qu'un plat perime sent forcement mauvais j'ai restes legumes cuisines lundi absolument aucune odeu,0
kamadot1 quoi vois ca comme truc cool j'ai dis ca non parce si c'est cool trau,0
civiqueetmoral <psaume 118:24> c'est ici journee l'eternel a faite qu'elle sujet d'allegresse joie,1
abslmt autt cert mvts liberation ds 80's deb 90's ete nec lr action ett +que honorable legitime autt,0
oui ya l'espoir inverser maladie renale chronique versions anglais lien,1
a_masson06 cette fin campagne tenais a remercier l'ensemble militants elus rnational_off droite_pop p,1
nouvel echec idees farfelues covid_19,0
enhypen_members laisser respirer paix cque possible,1
pascalfagnoux ingredients reussir belle soiree electorale demain large victoire wauquiez ecrabouillant eelv lar,0
parispasrose cazierjp j'ai parle d'une << idee diversion> > merci taxer d'homophobe simplement,0
projet mbappe mort rire,1
a gens but vie c'est gacher bonheur autres,1
sure insucces post,0
ler0n_ roildogsr_yt ihk67 l'histoire hxh c'est garcon veut retrouver pere ca c'est juste but gon l'histo,0
deteste set up favs c'est trop etes trop culotte ici bts flop mdrrrrrr sommet ',0
bigbenfrance jeu concours cet ete tentez gagner bt18flame offrez plus a e amie suivra aussi,1
fdjsport tdf2021 c'est 3 semaines pur bonheur fdj fournisseur officiel letour recompense meilleurs d'entre,1
c'est horrible d'etre coiffeur qd fait super chaud wsh dois mm bouger,0
slooowiiie verite trouvera jamais paix stan twi,1
monta_927 vois tellement opaque horrible ca parait faux,0
sabrinaperron98 blastenvy petit_fantaume trouve proverbe mauvais liberte s'arrete jamais comm,0
callmehouria c'est trop facile d'etre musulman recaler voilee a l'entretien disant nan jour ca va changer f,1
augouyves ca c'est conseils 19e siecle maintenant a plus temps tout ca voici comment fait,1
tagadobtc juste here remercier bonne journee ^^,1
spoil danganronpa 2 comment chuis trop triste commencais a bien l'aimer,0
ballezguy zemmoureric terme correct nonguerre mondiale l'histoire plus grosses guerres,1
georgie_myet fkddodd jsp si ironique serieux horrible,0
attirer positif a soi faut commencer agir penser positivement etatdespritpositif positiveattitude positivevibes sophro,1
fmdandila rire,1
ritonlaveur3 usomap1 jeanmessiha melangez tous gens musulmans car n'agissent,0
chrislaine33 lejdd prevenu cas d'insucces fn rn accusera majorite autres partis fraudes electorales,0
touitoufred << manque monde n'est l'argent n'est meme l'on appelle sens manque a,1
superturc95 incroyable l'histoire mort rire,1
jadbee_ omg aussi c'est horrible,0
kngjoon tweet bonne occasion rappeler certains handicaps voient physiquement,1
orthodox_heart ca fait rire,1
mayzmh temps ressortir video speciale << ca va fort ca va aller> > selection oblige cet homme,1
mahamiou bon j'ai pu finir l'histoire hier fait mere culpabilise depuis coming out 5ans deja,0
maximebiaggi patrickademo petit flop reste fort,0
exigences encore plus fortes france matiere reduction consommation energetique,1
hentaipluvict oui bah gros depression sens mal tout temps sans reel raison c'est juste ca t'as capte,0
rousselguillau7 bonjour guillaume savoure victoire touloulous,1
pensee jour 26 juin 2021 bonne journee a tous bonheur developpementpersonnel citationdujour,1
patchagil pire pandemie epoque c'est l'absence d'humour,1
sweetdarkchocol pression vaccinale monte fort dechaines car urgent faire diversion suite mails fauci,0
mariannelemag semaine seulement hasard calendriers judiciaire electoral nicolas sarkozy retrouve sit,1
annakoret laustmartin emmanuelmacron marleneschiappa ademontchalin avyelimas louisvogel ataquillain,0
j'ai fait cauchemar lequel amis kidnappaient foutaient royalement gueule ct horrible,0
xboxfr celebrer sortie scarlet nexus consoles pc a prepare petit jeu concours compte xboxfr,1
liliachara force j'ai connu c'est horrible,0
andrear94310915 flop reflop quebec sait faire comme tout reste << probleme informatique> > taille,0
poujolpascale1 chandelonr sarkozy prend parti muselier tout vu encore quel degout c'est direct,0
blaiseelise f_philippot degout francais cadres politiques contaminent politique,0
enmodemacaron libertaire10 quand t'es laid petit comme libido sacre defi,0
madamebretzel c'est horrible tout criteres choix n'est plus l'amour,0
chandellesfc 10eme derniere minute c'est cruelle cfc viens faire crucifie 21 l'intermediaire karim achabar,0
pjordan__ repense a pl 2019 c'etait vraiment violent a quel point city liverpool survole debats cloturer e,0
zetsu_fr44 cce_221 oh nan min dieu ca c'est horrible comme faute plus fois a tele disent,0
blaiseelise f_philippot degout francais cadres politiques contaminent politique,0
ong_la_vie verdict l'encontre sem sorokguillaume president d'honneur ong_la_vie reste certes coup dur marche,1
linossier7 a 3 ans j'alertai senat enjeux strategiques nouvellecaledonie 17eme gouvernement a travail co,1
faut absolument gerard lopez integre pascal rigo histoire qu'on bon sandwiches a buvette stade,1
boubou_le_prof l'espoir retrouver monde meilleur passez excellente nuit a demain,1
apigeonnes bara9awed2 bah si aime faire courses mdr certaines personnes font tout degout sais,0
slantrade cela signifie mobiliser passionnes justice connaissance via jcheminade,1
touitoufred << manque monde n'est l'argent n'est meme l'on appelle sens manque a,1
delibera_hoc bilgerphilippe bfmtv prefere rire n'aime l'humour facile,1
motif degout,0
lnstantfoot si perd soir l'italie battra record serie d'invincibilite comptera 31 matchs consecutifs,0
injektileur ca rapproche a nuancer surement sel sens amer fait faire grimace,0
zippolim1 roverdumoulin excellente idee chien inseparable veillant maitre lors' e,0
assomptionn pareil vrai l'etre humain mauvais,0
sahquodfun mdrrrr commentaires jss morte rire,1
pascalfagnoux demain paca electeurs droite melangeront voix a celle d'electeurs gauche islamogauchiste emp,1
lennyzer ckoicemiel a avant vraiment faisaient rire trouve ca redondant peu apres g,1
its_maleek declaration depute mberry sylla apres defaite contre ousmane sonko freesenegal,0
grande tristesse degout cela m'etonne quand voit professeurs faire fautes,0
kujoitachi bonne nuit fait tard,1
laissez flop decalque 256 mutus m'aider,0
chtholly_ns taigatheiste sais si c'est vraiment evolution logique c'est juste forme differente car,0
notreimfc parce c'est nom club soccer montreal depuis 30 ans plus longtemps neoalouettes c'est 56,0
wshlequipecava levraimoha flop 100 dignite,0
faskil shocker fiscalite bermudes veulent entendre parler taxation mondiale societes,0
yay_ourt genshinmem ptit flop daron moment meme,0
osynlig_ berlioz_paul voleurs croiront a mauvais gout n'essaieront rentrer,0
roxanedmiremont n'en sais rien amis relations droite voteront lr macronistes ',0
ah vais mourir rire pardon t'es trop affreux,1
arrete humour,1
n_positivevibes arey ab mentions ke notification nahi aayenge,1
diogonicolas4 vinceom59 rigole c'est important rire vie c'est grace a,1
sandra__lsn stade vie veux juste paix drame stress toxicite juste paix,1
mettez joie vestimentaire garderobe vacances couleurs chatoyantes motifs gais tshirt ro,1
indycharlottine jomassonleblain effectivement vaccin tres efficace si cela n'etait dramatique pou,1
sweetdarkchocol pression vaccinale monte fort dechaines car urgent faire diversion suite mails fauci,0
redthebot_ = blague carambar faites flop vais vendre reve,0
a 3 ans j'alertai senat enjeux strategiques nouvellecaledonie 17eme gouvernement a tr,1
aca13014 vocabulaire mathildepanot simplement irresponsable elue n'est ni plus ni moins qu'une incitation a,1
onmapelbax' a skinny beaux corps elles veulent absolument grossir final ca devient horrible c'est triste,0
franc_aller nvelleaquitaine nthierry eelv vs humour,1
biguettes deja triste l'ai jamais ete augmente gaiete alors amen,1
bfmtv oh flop gigantesque,0
gens aigris aussi tres triste aussi vie mille fois plus simple belle a vivre autres,0
touitoufred << manque monde n'est l'argent n'est meme l'on appelle sens manque a,1
lmdfoot_ lukaku quand gens parlaient meilleurs evoquaient toujours harry kane robert lewandowski encore karim benz,1
mercierjeremie mort rire,1
mrderiv moria encore loin fait tout arriver cet aprem live chill lotro 15h,0
louiswitter envoie fleurs a grandmere a l'hosto ca a foire emojis coeur transformes point d'interrogation,0
suigzetsu faiblebruit oh ceux connais n'ont aucun insucces etaient comme s'en cognaient,0
drissdrams michael jackson j'etais depression sinon autres non mdr,0
comment peux etre aussi bavard presse quand t'es plus mauvais equipe,0
lisa_iannattone deconnectes completement j'ai peu d'espoir,1
claire_tstt disons vu l'insucces derniere requete,0
fraoui1983 jihel93 insucces a 10 previsible lrem defaite rn devait tout devorer,0
kazadi_peter paix a ame,1
depression guette,0
quel honneur d'avoir sept films cameliafilms selectionnes femalarochelle deroule actuellement a r,1
lnstantfoot si perd soir l'italie battra record serie d'invincibilite comptera 31 matchs consecutifs,0
lunes con actitud positivevibes,1
lilllipuce voici policenationale a balance momes faisaient danser ecouter musique degout,0
jvinzent quel degout,0
jimmydeuxfois__ fois j'ai pensee mecs filment documentaires animaliers remercie assez,1
monte_cristo1 justement demandezvous pourquoi celuici protege d'une horrible epidemie mondiale terrib,0
onmapelbax' a skinny beaux corps elles veulent absolument grossir final ca devient horrible c'est triste,0
majasun1 pareillement plus c'est laid bruyant,0
trouve ning a l'air plus triste moment photos demande si c'est a cause tous comm,0
souheilk07 quelle epoque concentration respiration but triple celebration joie commentateur speak,1
jiminoxx anpanrry pringles nature c'est horrible oui gouts c'est mieux,0
headachesmash coup trouve qu'on perd vraiment 3d c'est vrai gba pouvait diffic,0
faites flop casse bras,0
touitoufred << manque monde n'est l'argent n'est meme l'on appelle sens manque a,1
chatelim presentement ere victimisation c'est beaucoup plus facile a vivre certain,0
breakinginfostv fabien_rivet patrickvignal faut mentir donner l'espoir s'ils connaissaient ver,1
nudibranche07 bien resume probleme d'abord c'est laid inspire tout donc copinage elu q,0
staytinyweclown so guyyyys c'est resultat l'instant trop fan surtout sachant c'est gens aiment,1
faites confiance a bonne etoile imaginez quelqu'un veille penseedusoir marknrise,1
sanssoleil2 paix a ame ca veut rien dire,1
nc_vert masque retour interieur israel tout monde a quoi sert vaccin c'est echec flagrant,0
cette pluie benediction tout peuple quete paix liberte securite paixsenegal kebetu,1
nadpooky merci enormement amie nadia souhaitons aussi tous bonheur joie chance surtout,1
c'est l'ete beaux jrs st arrives journees st plus longues plus claire espere qu'elles eg,1
muhaalm_ l'espoir permis cher muha,1
chahinaz_sousa toujours autonome penseedusoir marknrise ligue_des_optimistes jeudiphoto positivevibes,1
mnuss__ tout c'est religion justice paix d'amour prone juste milieu toutes choses preservation,1
hzb_rsc petit snap prive 10 personne a tout casser dessus ici etre paix,1
lnstantfoot si perd soir l'italie battra record serie d'invincibilite comptera 31 matchs consecutifs,0
debosolau bbl c'est vraiment laid j'arrete voir filles vrai depuis ici dirait tortues nin,0
jolafrite_ ca fait trop rire gens font reproches alors qu'ils font pire mdr,1
dlgirard chere carolinefourest a gay pride college_lycee vigilanceuniversites e,1
natomr6s comme annoncer hier plus gars remonte donc nouveaux projet lf2 support flex entry flex majeur a,1
chahinaz_sousa faites confiance a bonne etoile imaginez quelqu'un veille penseedusoir marknrise ligue_de,1
pyleborgn tellement bonheur a voir partir tour france depuis routes d'enfance finistere letour c'est patrim,1
hodacnz t'as gens parlent sourire h24 depression grosse force a j'espere bonheu,1
derniere soiree j'avais fais groupe potes' a gars tentait convaincre voter ',0
pourquoipablo gatopiman partager entre gene malaise degout,0
ponyta reussit a arracher victoire difficile a excelangue malgre baies,1
taehyungad slooowiiie c'est genre personne vie merdique vraie vie cherche' a,0
sortez l'humour plus noir connaissez,1
orthodox_heart ca fait rire,1
quelle jambe trop si laid parasite prend toute place leste desherite quelle l'igno,0
a tous deja rigoler tout seul quand repense fou rire qu'on,1
madara931 derriere chaque rupture couple triste cache metisse curly hair,0
letour premiere etape premiere victoire premier maillotjaunelcl a aller chercher enjeux premier jour clairs,1
marylouleloup triste arrete,0
gloss vent cheveux tres mauvais combo,0
chahinaz_sousa toujours autonome penseedusoir marknrise ligue_des_optimistes jeudiphoto positivevibes,1
debosolau bbl c'est vraiment laid j'arrete voir filles vrai depuis ici dirait tortues nin,0
neandertal00223 perd jamais espoir tout peut s'arranger,1
jf_acquaviva dimanche victoire tous corses epris justice democratie transparence d'ethique justice sociale,1
touitoufred << manque monde n'est l'argent n'est meme l'on appelle sens manque a,1
si depression etait image,0
amorouayechemo1 antoinebazboz t'epargne l'ennui degout remercies,0
tina77186972 bon reveil a tous souhaite belle fin journee egalement weekend animals positivevibes summe,1
zfxntr6s jweiikzz noname peux t'assurer t'est bien mauvais jeu,0
ronron_dadou c'est froid ca pue c'est horrible,0
mehdizoo6 reste quelques gens biens garde espoir,1
poujolpascale1 chandelonr sarkozy prend parti muselier tout vu encore quel degout c'est direct,0
redthebot_ = blague carambar faites flop vais vendre reve,0
gauche francaise dont etions autrefois si fiers; hier deja agonisante; aujourd'hui l'avez coulee c'est,0
bonne nouvelle aujourd'hui jugement valeriebacot soutien justice a ete rendue bravo a l'avocat general,1
callmehouria c'est trop facile d'etre musulman recaler voilee a l'entretien disant nan jour ca va changer f,1
allez vais retweeter annee plus differents sponsors maillots distinctifs letour essayer,1
callmehouria c'est trop facile d'etre musulman recaler voilee a l'entretien disant nan jour ca va changer f,1
f_desouche mecano moto formation j'aime harley franchement pense paris deja assez laid comme ca,0
senseikira mbiffe98 comme dis a abos pensent echec scolaire parce qu'ils a 2eme reorientation,0
barbarafaith hyper joueuse met gaiete c'est moins l'on puisse dire assez matur,1
lettreaudio revolution societale fait jamais sans hauts bas sans souffrance humaine sans decouragement assechement,1
iamdoxel teekaeshe genre tweets font penser a l'histoire l'enfant prodigue << lorsqu'il decida retourner vers maiso,1
crzstxl ptit flop,0
touitoufred << manque monde n'est l'argent n'est meme l'on appelle sens manque a,1
so_mkb triste arrete,0
vod d'antoine daniel paper please litteralement soigne depression,0
combien nulle occasion d'un si horrible souhait peut estre ny juste ny excusable; nullum scelus rat,0
pensee jour 25 juin 2021 bonne journee a tous bonheur developpementpersonnel citationdujour,1
nazlock decouvre morts moderna l'annonce windows 11 plutot windows comme 2 doses comme hasard a,1
_zflvc quel echec d'habiter nord,0
imcompri bonheur a l'epoque,1
12 coups midi jeanluc reichmann fou rire apres question s'en prend a production,1
' a creer chosequel mauvais punchydinos,0
nchaenbyae bot_renaud vraiment juste garde meilleur moment plie rire,1
chahinaz_sousa toujours autonome penseedusoir marknrise ligue_des_optimistes jeudiphoto positivevibes,1
bld bastille triste situation migrants echouent habitants boulevard pari,0
senseikira mbiffe98 comme dis a abos pensent echec scolaire parce qu'ils a 2eme reorientation,0
pascalfagnoux demain paca electeurs droite melangeront voix a celle d'electeurs gauche islamogauchiste emp,1
ronaldoangel10 fais rire,1
lc_adnnn ahwe jour' a parle gland laid gland jsp quoi faut voir coulait front,0
lushellla espere 4 fille mari depression,0
saviezvous lorsqu'il' a paix pays journalistes s'ennuient,1
quand j'etais pres poele tous poils levaient ecriture humour,1
jolafrite_ ca fait trop rire gens font reproches alors qu'ils font pire mdr,1
thomas77442488 massibet huggy_pronos 1er set n'est fini gardons espoir,1
aymeric_mezino cernes_kun j'ai jamais vu trailer aussi nul a chier no food no water you've got nothing to survive voix,0
nafidby7 ca fait trop plaisir gens annonce mariage fiancailles bonheur,1
satanpenny666 sais si c'dsh fatigue chiale rire,1
taniaderiv ptdr j'ai horrible voix tete,0
elyaziid vais desac 5 minutes si flop ainsi flop moins rhali,0
bon reveil a tous souhaite belle fin journee egalement weekend animals positivevibes,1
tout monde savait recit terrifiant valerie bacot battue violee prostituee mari,0
simservant gagnonfrancois price c'est fatiguant voir gardien dominant comme price a l'autre bout glace,0
aka_toritsuka t'ennuies super vite c'est horrible,0
dagoldeno petits corps peu bombe fesses' a ca vrai avoir enorme niar taille guepe c'est tellement,0
4esport_efrei uemasters efrei_paris pirates_ua_ university_es c'est defaite 4esport_efrei pa,0
narcissuscapm bah defaite oui si dota t'aime gagner peut etre lol ca cas,0
imaginez meme phase vie 1 mere frappe degage maison a a peine 17,0
me_granturco footballexpat apres' a d'obligation laisser partir joueurs jo deja saison,1
nathalieappere merci priver joie voir letour a rennes bravo a ville brest vrai reussite,1
satanpenny666 sais si c'dsh fatigue chiale rire,1
senseikira mbiffe98 comme dis a abos pensent echec scolaire parce qu'ils a 2eme reorientation,0
26 juin 2021; mots clebard clebs font toujours autant rire vaisje grandir jour,1
joachim_kage141 rdc a president a mentor anniversaire elephantesque puisse dieu accomplir voeux fins venir,1
sprevenire bonheur c'est n'avoir rien a reprocher charles nodier,1
conducteur agreable drole qu'elle plaisir merci a cette joie vivre directionmelun rerd,1
neyphara ah vais mourir rire pardon t'es trop affreux,1
j0hny0ung c'est fait parti chiottes rire met ko,1
famifeminicides << cour tient a souhaiter retrouver paix serenite> > valerie bacot libre depuis hier soir sou,1
l'impact negatif torture individus societes constitue menace paix suisse sout,1
dariocongo apres tensions 30 dernieres annees cette photo symbolise l'espoir paix,1
chaque enfant espoir avenir radieux nicolasirkis unicef_france,1
chuuuuut ecoutez respirez profondement puis relachez positivevibes,1
a 19 ans ca parle joueur termine flop ptn mbappe haaland joao felix etc ca a tue,0
lmdfoot_ lukaku quand gens parlaient meilleurs evoquaient toujours harry kane robert lewandowski encore karim benz,1
lastmay__ shad95400 waaw imagine juste passer aujourd'hui depression,0
peche mignon positivevibes,1
souheilk07 quelle epoque concentration respiration but triple celebration joie commentateur speak,1
sprevenire bonheur c'est n'avoir rien a reprocher charles nodier,1
sharkk_216 moha_hyuga comme dit << derriere chaque malheur cache bonne volonte d'allah> > c'est ca meme,1
a connu joie peine douleurs,1
lunarobase nisqy imdhav mdrrrrrr j'ai droit bonheur,1
carocygnus enfants victimes violences extremes viols plusieurs signalements informations preoccupantes effectuees,0
a dit gow oeuf j'ai faillit mourir rire,1
sa_illie cor_leonistar presente l'humour c'est cadeau dieu a donne supporter epreuves,1
lnstantfoot si perd soir l'italie battra record serie d'invincibilite comptera 31 matchs consecutifs,0
raouxnathalie n'est donc contradictoire disais premier temps legion a recru,0
reve paix pacification cohabitation voisins rwanda,1
12 coups midi jeanluc reichmann fou rire apres question s'en prend a production,1
thetraffy corazon certes c'est personnages preferes donc c'est peu original neanmoins cette pos,1
ssim_snkk snk c'est bien a dis c'etait mauvais juste faut arreter faire passer l'anime,0
fouiller archives cas d'insucces obtenir gain cause a l'interne championnat linafoot,0
aquatennens bonsoir jeancastex gdarmanin marleneschiappa devant parlement pris engagements bonne organ,1
sfournillon cette abstention record fruit magouilles politiques d'une desaffection generale electeurs' croient plus,0
willofsappho j'ai attendu fin vie mere parler woman to woman comprendre' a p,1
souheilk07 quelle epoque concentration respiration but triple celebration joie commentateur speak,1
suareez7 pourtant disais gars av tchatche l'humour gere n'importe quel meuf askip filles bcp,1
tigsansbang sait plus trier entre vrai faux entre bon mauvais sante,0
paamuz feter victoire c'est bien fetant sans etre fdp c'est mieux,1
lnstantfoot si perd soir l'italie battra record serie d'invincibilite comptera 31 matchs consecutifs,0
toujours autonome penseedusoir marknrise ligue_des_optimistes jeudiphoto positivevibes,1
minardi2018 abdoulayek3 equipedefrance jeuxolympiques sauf ca' a meme valeur coureurs' u,1
touitoufred << manque monde n'est l'argent n'est meme l'on appelle sens manque a,1
namjoonsweeter viens voir c'est gay pride aujourd'hui alors mutus concernes fiere etes,1
cajounice ca fait toujours rire cette verite,1
robertmenardfr autre attaque couteau a beziers decidement cette ville repere delinquants subvent,0
albadaradi senegal avoir parcouru projet loi cours d'examen puis assurer l'onrac organe national rec,0
desoler vois viol l'histoire entrain rire debat quoi,1
l'image meme socialope pleinement compatible droite ultra liberale personnages l'image meme,0
redthebot_ = blague carambar faites flop vais vendre reve,0
colyne_dlp ouiii vais partir depression,0
fkcthisup nicolasbay_ foutez paix pire non si certains mineurs rendent compte qu'ils homosexuels fait p,1
yeahitsmattbro lucyzerrr plusuoplus s4rahhatake arrete a 21 ans va faire depression faute,0
haytiens martissant autres quartiers pap habites cadavres manges chiens scenes d'horreur absolues,0
bon vais faire rabatjoie tout monde fait vanne << souleve coupe> > l'autre s'appelle << coupe,1
toujours critiquer religion oui sait n'as religion moins paix coeur,1
rmcsport repose paix force courage a famille,1
margauxbaralon multirecompensee derniers emmy awards schittscreek debarque samedi mycanal serie transcende peu a pe,1
gurwann1 leblog_lpbb resultat 1er jour faut confirmer demain nevergiveup positivevibes,1
kalytis_ psy vient dire mail envoie documents procrastination plus tard ca fait 3 minutes,1
cissemansour6 aminedi20672057 ligactu abc_deportes themadridzone veras va aller angleterre va rire bourrin,1
_delphng labooktillaise joyeux anniversaire plein love joie cadeaux passe bonne journee,1
zitouni213 vraiment horrible,0
caravanedutour derniers controles avant prendre route 3 semaines bonheur a cotes tdf2021 lacaravane,1
senseikira mbiffe98 comme dis a abos pensent echec scolaire parce qu'ils a 2eme reorientation,0
50_euros mr_tom4 bonne solution = acheter stock u bas gamme imprimer etiquette cyclistes,1
redthebot_ = blague carambar faites flop vais vendre reve,0
guiguix64 thauvin pose maillot d'un autre connard aime club gerson triste quitter club connzrd,0
malanda77 depression vivre corps bat survivre esprit cherche a mourir,0
sun tzu bas foudroie rire,1
kokastarcraft amis suite a l'e3gnarok victoire legendaire commu fais gagner lenovo legion 5 pro pou,1
criminalswan nn vrmnt jsuis morte rire a cause sn rp surprise,1
fabien13000 si vraiment etait si mauvais ca aucun club voudrait,0
nitroxbw scans horrible compare a mangas tangible,0
lunazulejos ptdr c'est tellement horrible trucs comme ca vraiment repas famille finissent jamais force a lulu,0
sweetdarkchocol pression vaccinale monte fort dechaines car urgent faire diversion suite mails fauci,0
mmekambe dkdyoann petent couilles police l'humour twitter,1
lemondefr bof a prendre a laisser analyses sociologues sciencespo femmes etant souve,0
elisedtr_sophro attirer positif a soi faut commencer agir penser positivement etatdespritpositif positiveattitude,1
itsaxelleee a << c'est bonne personne mauvais moment> > bonne personne veut etre quoi arrive donc,0
zemmoureric garantit paix mondiale depuis 70 ans c'est bombe atomique faceaface,1
linossier7 a 3 ans j'alertai senat enjeux strategiques nouvellecaledonie 17eme gouvernement a travail co,1
fdaesport felicitations a club pro fifa fda_efoot a effectue super saison efa remporte 2 trophees durant,1
krokoku pire phrase a dire a personne depression << pourquoi> > lol pourquoi si seulement savais t'inquietes,0
worldknownledge reussite' a d'age domaine surtout reussite personnelle si estimez avoir reussi e,1
ivm_v_n pitie voulait mentir disant flop veut dire aimer,0
siwonnlove amine effet prends trop l'habitude d'etre sans c'est horrible,0
benquichotte depuis follow _limoune mer a autre sens positivevibes,1
reste selon question cruciale seule compte font politiques auxurnescitoyens,1
finale top 14 domine fr2 flop marble mania bull succes arte w9 25 audiencestele,0
si flop supprime chiled,0
pillowpilou hello a tous aujourd'hui thread psycho depression moyens traitements meme si gestion stress a e,0
michel61b c'est pouvoir yaounde a assassine cet imam mosquee centrale ndop nordouest but susciter,0
j'eclate rire equipe bras casse,1
fcmalex_ malgre defaite premiere journee contre jouez l'europe,0
bon weekend a tous attention pres depart grande boucle photography amities,1
dioceseparis grande joie l'eglise matin kevin alexandre paul steven theophile paulmarie jeancharles aubert augu,1
discrete a sujet j'ai vu combien demenes essayer tout arranger prends soin,1
benquichotte depuis follow _limoune mer a autre sens positivevibes,1
etoanick stevemoukam rappelle bien j'etais etudiant alors call tot matin dit mal mauvais enceint,0
roma a aussi exprime fort interet cas d'echec discussions sujet sergio ramos botman represent,0
yvan_benedetti l'echec previsible vaccins echec tout monde comme nouveaux milliardaires labos vaccin,0
nanamenma veradun_ c'est meme probleme developpement rien mise scene nul a chier,0
chedon18 populistes heureux d'inspirer peur progressistes preferent inspirer l'espoir confiance,1
bigbenfrance jeu concours cet ete tentez gagner bt18flame offrez plus a e amie suivra aussi,1
stephane_ravier dimanche pouvons gagner mobilisezvous emporterons region provencealpescote d'azur dimanche,1
lnstantfoot si perd soir l'italie battra record serie d'invincibilite comptera 31 matchs consecutifs,0
bloody_rainbow6 tdi apparait suite processus long traumatisme depression souffrance psychologi,0
chacun gouts parle flop,0
campagnoltvl estce finalement sibeth ndiaye a decroche emploijeunes a mediatheque 12eme c'est encore faux espoir,1
lnstantfoot si perd soir l'italie battra record serie d'invincibilite comptera 31 matchs consecutifs,0
f_desouche donc champagne vestiaires cas victoire aller contre foi quid,1
10eme derniere minute c'est cruelle cfc viens faire crucifie 21 l'intermediaire karim achabar,0
debosolau bbl c'est vraiment laid j'arrete voir filles vrai depuis ici dirait tortues nin,0
y4kaheroz progen_kyzz xlewando oag_ftv jure mauvais,0
krokoku pire phrase a dire a personne depression << pourquoi> > lol pourquoi si seulement savais t'inquietes,0
jean_stael07 bonheur s'aquiert reside apparences chacun d'entre construit a chaque instant,1
team_etud terminer cette annee scolaire note gaiete eleves prepare quelques amis chant reprise,1
itachisamasa _iblevrai oumouu5 t'aurais d'enfant d'argent vivras malheur d'ech,0
jeudepuissance tblightningfr contre j'entends aucune voix dire montreal' a moins 50,1
bahahah viens faire game test horrible va aller lol plutot mdr,0
j'ai faim c'est horrible meme mcdo ca donne envie,0
y'en a souhaite bonheur deteste,1
enfin trouve quoi souffre belle soeur va pouvoir soigner pleure joie,1
kngjoon tweet bonne occasion rappeler certains handicaps voient physiquement,1
uwukiera ca file hauts coeur serieux derniere fois j'ai vu truc plein meufs racontaie,0
fan cette boutique allez jetter coup d'oeil trouverez bonheur si cherchez,1
vie_insulaire quelle faut espoir,1
addisabeba election politique france democracy europe humanrights ethiopia war tigre famine civilwar,1
batsumane blague mauvais gout honnetes savez bien qu'elle fait l'apologie d'un crime contre l'humanite,1
andrear94310915 flop reflop quebec sait faire comme tout reste << probleme informatique> > taille,0
namstitiess a dit bts flop viens voir quelqu'un dire meme nct gens faut apprendre signif,0
morikoreki acceptez fait parfois' a envie sortir parler d'appeler d'envoyer messages qu'on prefere rester,0
touitoufred << manque monde n'est l'argent n'est meme l'on appelle sens manque a,1
dire a couples battent toute vie avoir enfants femmes n'auront jamais,1
final s'en bien si bien sorti joie dblegends,1
frerot beau radin presence desagreable genant humainement tres bof j'insist,0
valentineglm rah ouais mtn c'est degout c'est finito,0
terrykikioff lequipe cet humour tres noir,1
pikachu 043 185 swsh vivid voltage pokemon pikachu pokemontcg tcg pokemoncards pokemoncommunity,1
tourdetables naboleon_3 thierry_peltier vpecresse t'as l'humour denonce systeme pourri' e,1
lrefuges a part 3 pauvres tweets' agri_gouv l'abandon animaux compagnie rien a ete fait 4 ans lutter contre,0
yoann_iv nimesmetropole honte profond degout,0
clem_autain audreypulvar opportunistes ttes deux honte a j'espere defaite douloureuse,0
mercierjeremie mort rire,1
guiguix64 thauvin pose maillot d'un autre connard aime club gerson triste quitter club connzrd,0
profbzh29 franceinfo c'est horrible,0
peux briser homme femme recoit force justejuge yawheh papa mike kalambay continu,1
hodacnz t'as gens parlent sourire h24 depression grosse force a j'espere bonheu,0
keita_bezo etre heureux cultive bonheur voir fleurir autour bonvendredi excellentweekend,1
sofiaetmath concours fait participer instagram alors faisons participer twitter aussi concours faisons donc gagne,1
shoyogoaaaaat jai trend tik tok tete c'est horrible,0
garbo68 departementales xavier bertrand prefere << communistes> > << identitaires> > rn a signe defaite presidentiell,0
cfroidevauxmett prix causette l'essai feministe a ete decerne a alice coffin genie lesbien apres tant delegitim,1
esdrasepi cocoobordello l'aurait non plus traite mauvais pere moindre geste maladroit,0
plassequentin l'insucces dlf n'aura cesse d'etonner veritable gaullisme n'aurait plus d'attractivite,0
zanavant aurelien_le_coq jlmelenchon costaude zebre oserait s'attaquer a jlm a su creer france ins,1
trop bonne trop connue comme d'habitude,1
pjordan__ repense a pl 2019 c'etait vraiment violent a quel point city liverpool survole debats cloturer e,0
debosolau bbl c'est vraiment laid j'arrete voir filles vrai depuis ici dirait tortues nin,0
ana__2166 jvois fait rire,1
pascalfagnoux ingredients reussir belle soiree electorale demain large victoire wauquiez ecrabouillant eelv lar,1
clairguedon futur pont geant pleyel n'est plus d'utilite publique a saintdenis victoire 3 associations dont pari,1
tacosbb_ suareez7 explose rire cherchez meuf trop grands trop petite gros cul gros,1
a_masson06 cette fin campagne tenais a remercier l'ensemble militants elus rnational_off droite_pop p,1
m4xini yahipi__ tellement laid omg,0
j'ai enfin achete manette ps3 franchement meilleur choix vie retrouve tout jeux lbp 1 2,1
ps fait certaine qu'ils pensent a quoi pourrait ressembler ville sans pollution sans bruits a,0
onizukaaez laid ojd,0
a_masson06 cette fin campagne tenais a remercier l'ensemble militants elus rnational_off droite_pop p,1
_teardrvp oh dieu c'est horrible comme propos tout soutien,0
f_rida__h bonne journee retweeetplease folloforfolloback,1
hailsatan0am salut a tous c'est gaiete coeur fais tweet bon encore fois choix 3 jours,1
chahinaz_sousa toujours autonome penseedusoir marknrise ligue_des_optimistes jeudiphoto positivevibes,1
mercierjeremie mort rire,1
tres bonne marchedesfiertes a toutes tous plein d'amour solidarite,1
zohrabitan bonheur danse,1
youss715 inoxtag _sslnn_ arianagrande flop glace sang,0
kngjoon tweet bonne occasion rappeler certains handicaps voient physiquement,1
sportive jour france * victoire stade toulousain depart tour france,1
souheilk07 quelle epoque concentration respiration but triple celebration joie commentateur speak,1
__verlaine__ emmanuel macron anticipe defaite regionales projette presidentielle ah parce pensait vraim,0
972wonrin c'eat flop dob,0
christo31450117 yvectx si travailles l'etat region ponctionnent si travaille idem quand,1
dutch_editor royaumeuni chanson patriotique << one britain one nation> > fait flop complet,0
sucreee213 motif degout,0
j'ai reve j'avais petit frere jsuis trop triste m'etre reveillee,0
chedon18 populistes heureux d'inspirer peur progressistes preferent inspirer l'espoir confiance,1
p_4_peace vrai * c'est truc hyper beau tout trouve vu y'en a font mauvais contextes,0
trxpicfn pirozzfn skydeunnn waa cmt c'est horrible,0
mariecanl deregulation l'espace public zadisme squats pseudos performances n'ont rien d'artistique tout laid suite,0
clementcln connais c_morancais depuis dizaine d'annees j'ai fierte d'etre colistiers mans 2014 jo,1
debosolau bbl c'est vraiment laid j'arrete voir filles vrai depuis ici dirait tortues nin,0
chrislaine33 deux victoire 1 v votez sauver democratie 2 v vaccinezvous sauver vies,1
artisium montrouge2020 2 2 cette independance irrite forcement l'insucces initial rafale a force lobbying us a forge l'idee,0
0211emna j'ai l'impression qu'allah azzawajel train d'ouvrir tellement portes a tous subhan allah certains trouvent,1
pwnedlin itachiase ptit flop,0
selon meilleures informations tandis j'antagonise continuation chers patrons s'ennuient demonstration triste,0
manger vegetal uniquement meme principalement signe d'une depression deja entamee va s'aggra,0
jetehaismeuuuh petitponey2b biltouxette pascale09553103 sagittaire160 _eb51_ larenardemyope la_chouette74,1
djeeee_ faut rire doucement aussi ayiii,1
leaswayer oh ptn courage c'est horrible,0
l'insucces tweet c'est terrible,0
remarquer abstentionnismes derange parti plus defaite detruire systeme leq,0
repose paix mr patriote nzabineza qu'allah dieu t'accueille paradis arme proches pa,1
oda d'autres aussi peutetre genre miura j'etais triste oda plus autres,0
eclairemari lci savent faire ca menacer savez a quoi reconnaiton bon leader c'est quelqu'un capable,0
booksmontreal plein d'allant gaiete remercia plusieurs fois suite divinite embrassa presque tous objets,1
jmg_jerome jcqdse un_parisien12 joh3799 ericklein_ s'agit plus d'un probleme dessin composition,0
johnbulungu dsesanga joyeux anniversaire a l'homme merite d'etre appele honorable cerceau l'intelligence congolaise,1
klemwannasleep courage courage chaton sais a quel point c'est horrible emet anxiogene faire taff merde,0
gilles_ragot chevrierlionel rien sauf agresse dictature sanitaire corps medical francais non seulement' a soigne,0
payfit ptdrrrr' a khalass pub' a meme like oh giga flop,0
dominiquelunel manger voulez fichez paix stupidites,1
postbyob sheloves_mk mdr c'est horrible,0
pascalfagnoux demain paca electeurs droite melangeront voix a celle d'electeurs gauche islamogauchiste emp,1
theglabfrance bonne idee cette table nintendo 64,1
so_mkb triste arrete,0
elghassimw condamne fermement cette attaque lache dont seul objectif d'entraver retour a paix a securite promp,1
le___doc vaccination baisse premieres injections diminuent alors vacances d'ete n'ont reellement debute,1
malanda77 depression vivre corps bat survivre esprit cherche a mourir,0
laurentsegnis donc soutenez l'alliance entre socialistes l'extremegauche anti republicaine c'est bien rec,1
lndff abslmt autt cert mvts liberation ds 80's deb 90's ete nec lr action ett +que honorable legitime autt ls lobbieslgb,0
capadrien defaite pulvar c'est defaite d'hidlago politique a paris ignore majorite parisiens profi,0
so_mkb triste arrete,0
ahaha j'aime bien l'humour suisse d'autant plus j'ignorais existence,1
fait barder tdf rend triste tdf2021,0
droit bonheur,1
hodacnz t'as gens parlent sourire h24 depression grosse force a j'espere bonheu,0
ryanavec1a reborn c'est tres lent 20 episodes d'humour toujours contexte mafia 7 tomes si lis,1
ryuusel_ beyonce tout autres triste genre alors beyonce devastee moins 1 an deuil contre certains,0
pelle ca rappelle chair tres chere poeme humour,1
blaguesdessins dessindepresse miss lilou soixantehuitards nostalgiques retrouvez miss lilou,1
0211emna j'ai l'impression qu'allah azzawajel train d'ouvrir tellement portes a tous subhan allah certains trouvent,1
lapapessejohn faiblebruit l'auteur n'envie femme maintiens hommes charmants occas,0
lauredaussy c'est l'une villes plus pauvres france taux chomage 35 parmi population active,1
faites confiance a bonne etoile imaginez quelqu'un veille penseedusoir marknrise,1
horrible putain,0
vais crever pk quand raciste abruti comme ca trop laid,0
gui_ballou plus qu'un faux espoir,1
le_figaro voyait acteur incontournable spectateur passif dimanche soir c'est depuis premier rang' emman,0
katshikapena heureux anniversaire a john denzel lorenzo l'honorable wamuhenriette souhaite bonheur prosperite longevite,1
qsb75 usullymorland jcqdse peu gaiete triste vie devrait faire bien jeunes rep,1
namstitiess deteste set up favs c'est trop etes trop culotte ici bts flop mdrrrrrr sommet l'industr,0
souheilk07 quelle epoque concentration respiration but triple celebration joie commentateur speak,1
future277 nomorewxrds a l'epoque j'etais laid malheureusement,0
passionsport_ demain 22h45 1er live twitch programme euro2020 retour matchs jour top flop note match teamp,0
pays voix vie semblait avoir creee propre plaisir car j'imagine vie aussi a,1
quel echec d'habiter nord,0
bon c'est bonne cause,1
mathbernier bien important parti avant fin match sinon joie vas detruire,1
a hyunjin manque plus mingi depression cured,0
pahlavireza lorsque gagnerons lutte liberte preserverons nations cet oppresseur profiteron,1
traurigonzo 1ere fois j'ai vu tik tok j'ai rigole mdisant ptn truc fou furieux meme,0
lnstantfoot si perd soir l'italie battra record serie d'invincibilite comptera 31 matchs consecutifs,0
umytears pareil passe 30 c'est horrible,0
paamuz feter victoire c'est bien fetant sans etre fdp c'est mieux,1
swilkinsonbc tout jours c'est memes horrible images haineuse brutalite l'entite sioniste subissa,0
nc_vert masque retour interieur israel tout monde a quoi sert vaccin c'est echec flagrant,0
linaarkssss bonheur,1
n'est parce destin refuse quelque chose a certain moment faut considerer refus comme,0
sailorvioiet dsl fait esile vraiment dit etre lesbienne prends comme victoire personnelle,1
redthebot_ = blague carambar faites flop vais vendre reve,0
redthebot_ = blague carambar faites flop vais vendre reve,0
cazierjp parispasrose c'est justement joue quand tout monde focalises lois homophobes,1
succes surprise ittakestwo plus merite excellent jeu coop plein d'humour renouvelle,1
vais rencontrer vrai freddie si joie my gooood j'ai si hate,1
onmapelbax' a skinny beaux corps elles veulent absolument grossir final ca devient horrible c'est triste,0
fabienlemener clairement mauvais choix reussite holston fait mauvais match aussi comp,0
onmapelbax' a skinny beaux corps elles veulent absolument grossir final ca devient horrible c'est triste,0
cissemansour6 aminedi20672057 ligactu abc_deportes themadridzone veras va aller angleterre va rire bourrin,1
clippersfr defaite game 2 amere s'ils reussissent a choper game 4 formidable,0
kngjoon tweet bonne occasion rappeler certains handicaps voient physiquement,1
heteroandwhat idem sauf entourage pourtant j'ai essaye convaincre normal influence,0
poujolpascale1 chandelonr sarkozy prend parti muselier tout vu encore quel degout c'est direct,0
abdoulayediop8 condamne l'attaque contre soldats paix un_minusma exprime nom president transition goit,1
lauredaussy c'est l'une villes plus pauvres france taux chomage 35 parmi population active,1
clairemonod parlez plus gens poubelles l'histoire debordent apres hollande valls huchon adnauseam nau,1
idaisukiii e trop laid meme bouche ew,0
i' a demande jsp cb fois si jvoulais qu'on balade qu'on aille manger truc genre a fin j'ai juste,1
oclodong present soir a l'assemblee generale club football vycaf gillescarbonnet vanessa mazeau beaucoup,1
toni kroos critiques fans envers selection c'est comme petits drapeaux flottent,1
nadpooky merci enormement amie nadia souhaitons aussi tous bonheur joie chance surtout,1
comment ca trigger gens confondent depression deprime,0
blancheweed cas britney spears ultra triste parce realises entourage peut porter detruire,0
bon comme voulez faire intellectuels internet juger facon dont jeunes consomment cul,0
benmohamed1993 quel bonheur plus enorme savoir sauves vie quel sentiment indescriptible savoir g,1
blaiseelise f_philippot degout francais cadres politiques contaminent politique,0
laurentgallois j'ai regarde debats fr3 lci l'ai trouvee tres bonne,1
nderiviere felicitations antonioguterres nomination second mandat comme secretaire general nations unies f,1
quelle soiree france5tv isabelle adjani redif' a cela dit respire franche gaiete hein,1
linossier7 a 3 ans j'alertai senat enjeux strategiques nouvellecaledonie 17eme gouvernement a travail co,1
jordanminary renaudmuselier candidat pcf l'opportunisme naufrage defaite honorable vaut mieux qu'une victoire desh,0
dimitrilhours chaque annee tiens 2 etapes avant mute a chacune interventions quand c'est regio,0
darkfuneral972 met doigt l'oeil erreur t'es aveugle c'est quand meme sacre risque truc tres laid,0
tenasszn [thread] nouveau concept repondez a tweet citant citez donnant joueur club coeur a trouv,0
mina21010501 restauratrice maman 3 enfants casier vierge pecresse traite ennemidelarepublique v,0
_rowlf homosexuels beaucoup plus libres hongrie zones islamisees macron agite drapeau lgbtq ca fait b,1
lnstantfoot si perd soir l'italie battra record serie d'invincibilite comptera 31 matchs consecutifs,0
digitalganon bonne nuit p'tis amis,1
wargonm qu'est fait rire connaisse epidemiologiste virologue,1
redthebot_ = blague carambar faites flop vais vendre reve,0
pascalfagnoux ingredients reussir belle soiree electorale demain large victoire wauquiez ecrabouillant eelv lar,0
personne reussit jamais premier coup pouvons toujours tirer lecons positives d'un echec donc tr,0
shamyxoxo trouve toujours voix horrible vocaux,0
eshounne_ c'est horrible,0
bdldom scottie pippen legende bullsfr compare ben simmons a giannis tres bonne analyse dit tout a mental tue,0
d'ailleurs lire scans internet techniquement c'est illegal donc mauvais argument,0
humour_demerde meilleur 27 pouces selon toms hardware,1
grosse pensee frerot ciryl_gane today esperant prenne plaisir victoire ufcvegas30,1
parce c'est nom club soccer montreal depuis 30 ans plus longtemps neoalouettes c'est,0
dis oui laid contre,0
patate2meda' a vrai manque dignite go renoies tiktok cette manie mendier l'amour autres communautes << quand,0
team_etud terminer cette annee scolaire note gaiete eleves prepare quelques amis chant reprise,1
team_etud terminer cette annee scolaire note gaiete eleves prepare quelques amis chant reprise,1
crtv_web repose paix legende marque existence,1
pascalfagnoux ingredients reussir belle soiree electorale demain large victoire wauquiez ecrabouillant eelv lar,0
rivoall25093256 raison ca change ca met peu gaiete cette periode compliquee,1
s4nflowers sinon meme c'est horrible,0
team_etud terminer cette annee scolaire note gaiete eleves prepare quelques amis chant reprise,1
bzluc64 cnews oui non prenez mauvais exemples tournez evenements a facon,0
bbutcute a chaque fois j'ai mauvais pressentiment quelque chose quelqu'un c'est tjrs reel,0
breaknewsfrance djihad judiciaire l'arme prefere islamistes apres ceinture d'explosif roquette ba,0
arnoediad non merite harcelement dont victime esperant cela dure qu'elle tombe profonde depression,0
krokoku pire phrase a dire a personne depression << pourquoi> > lol pourquoi si seulement savais t'inquietes,0
fin fetes musique joie gouvernement devenu taliban versailles marchedesfiertes,1
ravie choix portent leurs fruits aujourd'hui dec bestchoices believeinyourself entreprise,1
dominiquelunel manger voulez fichez paix stupidites,1
shamyxoxo trouve toujours voix horrible vocaux,0
rebornsharkyto lbpnino bamx57 mode sans echec c'est connu tout monde va renseigner si t'es play,0
onmapelbax' a skinny beaux corps elles veulent absolument grossir final ca devient horrible c'est triste,0
steph_annie2020 faut bien rire annie,1
laisse rien etouffer joie journaliere c'est tres important,1
a leurs defenses juste varges chars police cones oranges victoire historique assombrie,1
rdc drc courage a tous peres consacrent a leurs enfants meilleure facon possible rar,1
its_maayy certain j'ai l'impression pouvez pratiquer religion sans essayer denigrer celle autres c'est triste,0
bah flop donc c'est flop c'est trouves ouf depuis moment,0
waltercitoyen vendeencoeur enzohouari ejl_citoyens thferrier marcoleron17190 anachroniqueur1 aramendi20 odylseus franckabed,1
journee mondiale contre l'abandon animaux domestiques s'il rime gaiete l'ete n'est pourtant toujours,1
remichauvet laustmartin marleneschiappa envie_idf laremparis laremparis10 fanta_b ramonaradu justinehvet,0
sweetdarkchocol pression vaccinale monte fort dechaines car urgent faire diversion suite mails fauci,0
nandilaure emmanuel macron anticipe defaite regionales projette presidentielle projette campagne,0
ogu145 vks937 jeanlagrenouye mediavenir malheureusement l'humour merde n'est motif signalement,1
viens regarder believe netflixfr envie pleurer tout long coeur miettes c'etait horrible,0
erendrinkjager veut qu'on regarde dernier episode s1 ensemble ca peut faire gardons espoir,1
krokoku pire phrase a dire a personne depression << pourquoi> > lol pourquoi si seulement savais t'inquietes,0
0211emna j'ai l'impression qu'allah azzawajel train d'ouvrir tellement portes a tous subhan allah certains trouvent,1
placetobe_net [concours estival jeu 6] partenariat editions_jailu remportez chronique bridgerton tomes 1 2,1
si laid,0
blaiseelise f_philippot degout francais cadres politiques contaminent politique,0
anonymecitoyen ambiance folie place saintpierre a toulouse milliers personnes font fete celebrer titr,1
bledjakonan beau matin j'aimerais rappeler l'argent fait bonheur,1
jimmydeuxfois__ fois j'ai pensee mecs filment documentaires animaliers remercie assez,1
senseikira mbiffe98 comme dis a abos pensent echec scolaire parce qu'ils a 2eme reorientation,0
felixi0us mauvais bail,0
carocygnus enfants victimes violences extremes viols plusieurs signalements informations preoccupantes effectuees,0
lennyzer ckoicemiel a avant vraiment faisaient rire trouve ca redondant peu apres g,1
trs flop hdh skip,0
omaforever93 dis juste n'est sujet discussion initiale c'est ca m'en fous b,0
danslamusette victoire,1
protoxxx1007 bonne depression frere,0
adgnmerve aimer flop c'est meme chose,0
martasdani fpiquante cnews civilisation europeenne laissez rire esclavage colonisation,1
marylouleloup aujourd'hui sens triste' a,0
' a quelqu'un ici adore milieu militantisme a fait truc horrible a amie ca,0
aveirojr94 ah we j'avoue chaud meme femme triste peu,0
worldknownledge reussite' a d'age domaine surtout reussite personnelle si estimez avoir reussi e,1
veradun_ c'est triste d'en arriver a devoir attendre l'adaptation anime rattraper l'echec d'un moments,0
pensee jour 24 juin 2021 bonne journee a tous bonheur developpementpersonnel citationdujour,1
hey emmanuelmacron faut reagir utiliser grace presidentielle merci ps limite pres a voter,1
top14rugby finaletop14 philou gifs humour passion sport tant porte durant toutes annees a,1
madpharmacist1 politiciens hypocrites opportunistes suivent narratif ambiant 1er mai fallait denoncer fou,1
_gloiregrace l'amour vrai fais bien paix procure c'est ca j'aime,1
epaphras_kanku aucun defaut physique rend aussi laid mechancete bonweekend,0
ilyswchbt non faut feliciter c'est donner a tout monde reussir truc lequel mauvais,0
djeeee_ faut rire doucement aussi ayiii,1
magazinezinzin zinzin_divers vrai vrai hein sais comment ceux camerounais font lisez commenta,1
m7797114115 paix prosperite,1
ogtvlol pentaaaaaaaaaaaaaaaaakiiiiiiiill deuxieme pentakill summer split lpl signe iboy victoir,1
hyeneinsoumise gens incultes explique racisme crasse degout prochain,0
cla6_t partagez tweet max s'il plait car ca commence vraiment a toucher psychologiquement j'ai grande solitude,1
unpeacekeeping action maintien paix a4p+ appelle a poursuivre efforts prevention reponse a l'inconduit,1
pascalfagnoux demain paca electeurs droite melangeront voix a celle d'electeurs gauche islamogauchiste emp,1
jeanlagrenouye ableg19 mediavenir ah petit flop,0
heliox_lab concours a l'occasion sortie derniere video test l'anycubic vyper anycubic fait gagner 2 i,1
aujourd'hui sens triste' a,0
sensdudetaii vraiment pense majorite gens font gaiete coeur prefererait vie honnete,1
i_m_nobody27 autre aspect meritocratie facon lrem l'echec atout garantie mantien fonction,0
haytiens martissant autres quartiers pap habites cadavres manges chiens scenes d'horreur absolues,0
rmcsport bien laid maillot,0
kasong1blandine a l'etat general d'une personne a certaines maladies consequences dimunution libido,0
floobaud manuel78130 revient 2 blessures etait deja mauvais avant tant lateral,0
micha5221 pmdel54 fabmej aduferret offshoreoi n'allez faire vacciner fichez paix autre,1
bvoltaire senat rejette projet loi bioethique nouvel echec d'emmanuel macron pma,0
elgeniomosqui hadrien_grenier mattemoretto bravo a futur flop va contenter xavi simons merci bcp,0
louiswitter envoie fleurs a grandmere a l'hosto ca a foire emojis coeur transformes point d'interrogation,0
yen a croient trop depression c'est trait caractere,0
a tous deja rigoler tout seul quand repense fou rire qu'on,1
hanagameelah tellement laid omg,0
mnuss__ tout c'est religion justice paix d'amour prone juste milieu toutes choses preservation,0
elololt c'est bras c'est horrible,0
al hamdulillah sportif haram wallah c'est horrible arrive,0
hommesoin afpfr c'est dis bat detaillisme semantique c'est triste experts n'aie,0
kasong1blandine j'entre peu profondeur point diminution libido a facteurs psychologiques tels depres,0
szh4467 propheterond sais nature prudente quand ca concerne fc nantes j'aime fausses joi,1
slegrain75 michelseydur c'est carnaval qu'estce racontez attendant ca bloque rue h,0
kalistho33 anachorete4 bovgala olvyllan antoine_siffert explique quoi balancer lacrymo moind,1
moivayana surtout quand personnes reprochent critiquer s'en donnent a coeur joie d'autres candid,1
c'est horrible jsuis stand by l'ep tousse constamment depuis' 1 mois ca veut s'arreter,0
c'est degout feminin comment peux toucher a ca si n'est notoriete,0
sweetdarkchocol pression vaccinale monte fort dechaines car urgent faire diversion suite mails fauci,0
claudetower senat rejette projet loi bioethique nouvel echec d'emmanuel macron via bvoltaire,0
canalrugbyclub staderochelais plus mauvais match saison sr malgre ca pouvait esperer mieux seul essai c'est,0
cocohjnl carrement j'ai l'impression c'est laid maintenant slim,0
ledecaledu25 cette courte video stephane hessel resistant fait cour d'histoire tout monde devrait impregner,1
its_maleek declaration depute mberry sylla apres defaite contre ousmane sonko freesenegal,0
merci d'avoir mieux fait travail dossier palisade n'est cloture c'est mauvais choix politique,0
total delusion demain genre j'ai bon espoir elections,1
neyphara ah vais mourir rire pardon t'es trop affreux,1
manixken toujours devant clavier bonne digestion father,1
fdjsport tdf2021 c'est 3 semaines pur bonheur fdj fournisseur officiel letour recompense meilleurs d'entre,1
apaisetoncoeur2 optn fou rire pauvre sey c'est horrible reste salete pauvre bebe,0
onmapelbax' a skinny beaux corps elles veulent absolument grossir final ca devient horrible c'est triste,0
ptn cote cette merde c'est horrible,0
oeil_sk trahison ca' a rendue tellement triste bon comme elles aiment dire penthouse parce mere,0
fatiha70 joie a prendre sans moderation,1
l_histoirien gall degout,0
gecerbayan regarde video sans depart puis quand visionne bande ec,1
p1hstann jamais c'est laid,0
renaudmasson1 pascalfagnoux danielboutonnet c'est l'alibi sarkozystes expliquer defaite poul,0
mhadysydney abdourahmaneas6 ambangoura missfoulah sbskalan cenit_officiel ouessoudiaby route n'est bo,1
senseikira mbiffe98 comme dis a abos pensent echec scolaire parce qu'ils a 2eme reorientation,0
touitoufred << manque monde n'est l'argent n'est meme l'on appelle sens manque a,1
sweetdarkchocol pression vaccinale monte fort dechaines car urgent faire diversion suite mails fauci,0
jeromegodefroy famille blondes nb * humour a 2 balles ni sexisme ni malveillance,1
opheliesll bonne idee ca,1
agagboudjahlat profond degout devant toute cette lachete meme si personne n'est etonne,0
patience tuesdaymorning tuesdayvibes tuesdaymotivation tuesdaythoughts tuesdaymorning,1
charlucescu suziemanji a bon mauvais fantasme,0
ledecaledu25 cette courte video stephane hessel resistant fait cour d'histoire tout monde devrait impregner,1
callmehouria c'est trop facile d'etre musulman recaler voilee a l'entretien disant nan jour ca va changer f,1
gael201099 memes interrogations vote barrage quand meme degout parce qu'ils vont parader continuer a,0
callmehouria c'est trop facile d'etre musulman recaler voilee a l'entretien disant nan jour ca va changer f,1
grisetcatherine 18juin souvenonsnous victoire jeanne d'arc a patay contre anglais 1429 l'appel gener,1
pascalfagnoux demain paca electeurs droite melangeront voix a celle d'electeurs gauche islamogauchiste emp,1
cette meme nuit farmais trql impossible prendre canon juste assez vie aa v,0
voici policenationale a balance momes faisaient danser ecouter musique deg,0
allyssia_cmoi bonjour aujourd'hui fais gagner 10 nudes parmis si atteind 200 follow bonne chance,1
opppinions _voila triste nouvelle d'un versailles bien noir _oui marquis helas vrai quatre cents ans _quel roi,1
